{"DocumentTypeId":"Forms.IRS.W4","FormId":"9fa387c5","FormName":"W4-Template-Intelligent","OriginalFileExtension":"pdf","Pages":[{"Page":0,"Size":[0.0,0.0,611.0,791.0],"SkewAngle":0.0,"Evidence":[{"Text":"W-4","Box":[30.808,56.23,39.984,28.848]},{"Text":"Employee's","Box":[33.682,195.682,71.4,16.576]},{"Text":"Withholding","Box":[33.682,271.282,74.48,16.576]},{"Text":"Certificate","Box":[33.682,349.962,66.36,16.576]},{"Text":"Form","Box":[47.472,36.0,16.338,8.162]},{"Text":"Step","Box":[86.559,36.0,21.86,11.93]},{"Text":"1:","Box":[86.559,60.64,8.34,11.93]},{"Text":"For","Box":[721.911,36.0,12.744,9.544]},{"Text":"Privacy","Box":[721.911,50.968,28.008,9.544]},{"Text":"Act","Box":[721.911,81.2,12.888,9.544]},{"Text":"and","Box":[721.911,96.312,14.224,9.544]},{"Text":"Paperwork","Box":[721.911,112.76,41.624,9.544]},{"Text":"Reduction","Box":[721.911,156.608,39.104,9.544]},{"Text":"Act","Box":[721.911,197.936,12.888,9.544]},{"Text":"Notice,","Box":[721.911,213.048,27.104,9.544]}],"Fields":[{"Field":"Forms.IRS.W4.signature","Box":[626.3573,105.307,345.5386,23.5844]}],"Tables":[]},{"Page":1,"Size":[0.0,0.0,611.0,791.0],"SkewAngle":0.0,"Evidence":[{"Text":"General","Box":[54.345,36.0,52.094,16.702]},{"Text":"Instructions","Box":[54.345,91.986,79.576,16.702]},{"Text":"Future","Box":[75.867,36.0,37.128,14.316]},{"Text":"Developments","Box":[75.867,76.464,82.212,14.316]},{"Text":"Purpose","Box":[128.617,36.0,47.784,14.316]},{"Text":"of","Box":[128.617,87.12,11.328,14.316]},{"Text":"Form","Box":[128.617,101.784,29.988,14.316]},{"Text":"Nonresident","Box":[687.528,36.0,55.4135,11.3335]},{"Text":"alien.","Box":[687.528,94.0545,24.0825,11.3335]},{"Text":"Specific","Box":[54.345,316.8,53.634,16.702]},{"Text":"Instructions","Box":[54.345,374.326,79.576,16.702]}],"Fields":[],"Tables":[]},{"Page":2,"Size":[0.0,0.0,611.0,791.0],"SkewAngle":0.0,"Evidence":[{"Text":"Step","Box":[53.474,165.462,21.86,11.93]},{"Text":"2(b)-Multiple","Box":[53.474,190.102,65.7,11.93]},{"Text":"Jobs","Box":[53.474,258.582,23.15,11.93]},{"Text":"Worksheet","Box":[53.474,284.512,51.48,11.93]},{"Text":"Step","Box":[449.474,170.262,21.86,11.93]},{"Text":"4(b)-Deductions","Box":[449.474,194.902,82.03,11.93]},{"Text":"Worksheet","Box":[449.474,279.712,51.48,11.93]}],"Fields":[],"Tables":[]},{"Page":3,"Size":[0.0,0.0,611.0,791.0],"SkewAngle":0.0,"Evidence":[{"Text":"Married","Box":[47.388,199.111,37.02,11.93]},{"Text":"Filing","Box":[47.388,238.911,25.71,11.93]},{"Text":"Jointly","Box":[47.388,267.401,31.47,11.93]},{"Text":"or","Box":[47.388,301.651,10.0,11.93]},{"Text":"Qualifying","Box":[47.388,314.431,47.75,11.93]},{"Text":"Widow(er)","Box":[47.388,364.961,47.93,11.93]},{"Text":"Single","Box":[311.39,223.991,29.43,11.93]},{"Text":"or","Box":[311.39,256.201,10.0,11.93]},{"Text":"Married","Box":[311.39,268.981,37.02,11.93]},{"Text":"Filing","Box":[311.39,308.781,25.71,11.93]},{"Text":"Separately","Box":[311.39,337.271,50.74,11.93]},{"Text":"Head","Box":[539.889,260.356,25.0,11.93]},{"Text":"of","Box":[539.889,288.136,9.44,11.93]},{"Text":"Household","Box":[539.889,300.356,51.29,11.93]}],"Fields":[],"Tables":[]}]}