{"DocumentTypeId":"Forms.IRS.1040A","FormId":"78cba002","FormName":"1040A-Template-Intelligent","OriginalFileExtension":"pdf","Pages":[{"Page":0,"Size":[0.0,0.0,611.0,791.0],"SkewAngle":0.0,"Evidence":[{"Text":"Form","Box":[36.634,36.0,16.338,8.162]},{"Text":"Department","Box":[36.896,115.203,36.96,8.162]},{"Text":"of","Box":[36.896,154.109,6.09,8.162]},{"Text":"the","Box":[36.896,162.145,9.856,8.162]},{"Text":"Treasury-Internal","Box":[36.896,173.947,57.295,8.162]},{"Text":"Revenue","Box":[36.896,233.188,27.356,8.162]},{"Text":"Service","Box":[36.896,262.49,23.198,8.162]},{"Text":"1040A","Box":[43.046,36.0,40.726,16.702]},{"Text":"U","Box":[44.867,115.2,8.892,14.316]},{"Text":"S","Box":[44.867,127.428,7.788,14.316]},{"Text":"Individual","Box":[44.867,141.888,54.852,14.316]},{"Text":"Income","Box":[44.867,200.076,42.636,14.316]},{"Text":"Tax","Box":[44.867,246.048,20.664,14.316]},{"Text":"Return","Box":[44.867,270.048,38.676,14.316]},{"Text":".","Box":[44.867,124.092,3.336,14.316]},{"Text":".","Box":[44.867,135.216,3.336,14.316]},{"Text":"Income","Box":[407.867,36.0,42.636,14.316]},{"Text":"Adjusted","Box":[623.867,36.0,50.892,14.316]},{"Text":"gross","Box":[636.863,36.0,32.22,14.316]},{"Text":"income","Box":[649.859,36.0,42.192,14.316]},{"Text":"For","Box":[732.649,36.0,14.337,10.737]},{"Text":"Disclosure,","Box":[732.649,52.839,48.15,10.737]},{"Text":"Privacy","Box":[732.649,103.491,31.509,10.737]},{"Text":"Act,","Box":[732.649,137.502,17.001,10.737]},{"Text":"and","Box":[732.649,157.005,16.002,10.737]},{"Text":"Paperwork","Box":[732.649,175.509,46.827,10.737]},{"Text":"Reduction","Box":[732.649,224.838,43.992,10.737]},{"Text":"Act","Box":[732.649,271.332,14.499,10.737]},{"Text":"Notice,","Box":[732.649,288.333,30.492,10.737]}],"Fields":[],"Tables":[]},{"Page":1,"Size":[0.0,0.0,611.0,791.0],"SkewAngle":0.0,"Evidence":[{"Text":"Tax,","Box":[48.128,36.0,18.26,13.123]},{"Text":"credits,","Box":[48.128,56.7981,32.6215,13.123]},{"Text":"and","Box":[61.13,36.0,16.2331,13.123]},{"Text":"payments","Box":[74.132,36.0,42.6006,13.123]},{"Text":"Refund","Box":[461.133,36.0,37.686,13.123]},{"Text":"Amount","Box":[566.13,36.0,41.14,13.123]},{"Text":"you","Box":[579.132,36.0,18.953,13.123]},{"Text":"owe","Box":[579.132,58.011,21.989,13.123]},{"Text":"Third","Box":[601.877,36.0,25.1124,14.316]},{"Text":"party","Box":[601.877,63.948,24.939,14.316]},{"Text":"designee","Box":[614.873,36.0,44.1864,14.316]},{"Text":"Sign","Box":[640.369,36.0,25.332,14.316]},{"Text":"here","Box":[652.369,36.0,25.56,14.316]},{"Text":"Paid","Box":[708.471,36.0,22.2816,14.316]},{"Text":"preparer","Box":[722.871,36.0,43.4121,14.316]},{"Text":"use","Box":[737.271,36.0,17.9942,14.316]},{"Text":"only","Box":[737.271,56.9299,20.9193,14.316]}],"Fields":[{"Field":"Forms.IRS.1040A.signature","Box":[666.7142,105.3767,188.5688,16.1762]}],"Tables":[]}]}