{"DocumentTypeId":"Forms.IRS.W4","FormId":"72fdb94f","FormName":"W4-Template","OriginalFileExtension":"pdf","Pages":[{"Page":0,"Size":[0.0,0.0,611.0,791.0],"SkewAngle":0.0,"Evidence":[{"Text":"W-4","Box":[30.808,56.23,39.984,28.848]},{"Text":"Employee's","Box":[33.682,195.682,71.4,16.576]},{"Text":"Withholding","Box":[33.682,271.282,74.48,16.576]},{"Text":"Certificate","Box":[33.682,349.962,66.36,16.576]},{"Text":"Form","Box":[47.472,36.0,16.338,8.162]},{"Text":"Department","Box":[66.155,36.0,32.9472,7.579]},{"Text":"of","Box":[66.155,70.6819,5.4288,7.579]},{"Text":"the","Box":[66.155,77.8454,8.786,7.579]},{"Text":"Treasury","Box":[66.155,88.3661,24.1488,7.579]},{"Text":"Internal","Box":[73.955,36.0,20.6856,7.579]},{"Text":"Revenue","Box":[73.955,58.4203,24.386,7.579]},{"Text":"Service","Box":[73.955,84.541,20.6793,7.579]},{"Text":"Employers","Box":[674.391,36.0,50.53,11.93]},{"Text":"Only","Box":[686.391,36.0,21.48,11.93]},{"Text":"For","Box":[721.911,36.0,12.744,9.544]},{"Text":"Privacy","Box":[721.911,50.968,28.008,9.544]},{"Text":"Act","Box":[721.911,81.2,12.888,9.544]},{"Text":"and","Box":[721.911,96.312,14.224,9.544]},{"Text":"Paperwork","Box":[721.911,112.76,41.624,9.544]},{"Text":"Reduction","Box":[721.911,156.608,39.104,9.544]},{"Text":"Act","Box":[721.911,197.936,12.888,9.544]},{"Text":"Notice,","Box":[721.911,213.048,27.104,9.544]}],"Fields":[{"Field":"Forms.IRS.W4.first-name","Box":[91.1099,94.867,176.1145,16.4374]},{"Field":"Forms.IRS.W4.last-name","Box":[92.0492,272.8601,200.5357,15.4981]},{"Field":"Forms.IRS.W4.social-security-number","Box":[91.5796,476.2137,99.0938,15.0284]},{"Field":"Forms.IRS.W4.address","Box":[114.5919,93.9277,378.0592,15.4981]},{"Field":"Forms.IRS.W4.city-town-state-zip","Box":[138.8086,94.6746,378.6985,15.6605]},{"Field":"Forms.IRS.W4.single-married-filing-separately","Box":[158.3842,115.8518,6.2286,6.5845]},{"Field":"Forms.IRS.W4.married-filing-jointly","Box":[170.3075,115.4959,6.7625,6.7625]},{"Field":"Forms.IRS.W4.employers-name-address","Box":[682.3851,93.9277,292.5849,34.7533]},{"Field":"Forms.IRS.W4.employment-date","Box":[693.6564,389.8002,75.6118,23.4819]},{"Field":"Forms.IRS.W4.employer-identification-number","Box":[692.2475,469.1691,106.608,25.3605]},{"Field":"Forms.IRS.W4.signature","Box":[626.4981,106.608,340.0184,24.8909]}],"Tables":[]},{"Page":1,"Size":[0.0,0.0,611.0,791.0],"SkewAngle":0.0,"Evidence":[{"Text":"General","Box":[54.345,36.0,52.094,16.702]},{"Text":"Instructions","Box":[54.345,91.986,79.576,16.702]},{"Text":"Future","Box":[75.867,36.0,37.128,14.316]},{"Text":"Developments","Box":[75.867,76.464,82.212,14.316]},{"Text":"Self-employment.","Box":[622.0255,36.0,79.8285,11.3335]},{"Text":"Nonresident","Box":[687.528,36.0,55.4135,11.3335]},{"Text":"alien.","Box":[687.528,94.0545,24.0825,11.3335]},{"Text":"Specific","Box":[54.345,316.8,53.634,16.702]},{"Text":"Instructions","Box":[54.345,374.326,79.576,16.702]}],"Fields":[],"Tables":[]},{"Page":2,"Size":[0.0,0.0,611.0,791.0],"SkewAngle":0.0,"Evidence":[{"Text":"Step","Box":[53.474,165.462,21.86,11.93]},{"Text":"2(b)-Multiple","Box":[53.474,190.102,65.7,11.93]},{"Text":"Jobs","Box":[53.474,258.582,23.15,11.93]},{"Text":"Worksheet","Box":[53.474,284.512,51.48,11.93]},{"Text":"Step","Box":[449.474,170.262,21.86,11.93]},{"Text":"4(b)-Deductions","Box":[449.474,194.902,82.03,11.93]},{"Text":"Worksheet","Box":[449.474,279.712,51.48,11.93]}],"Fields":[],"Tables":[]},{"Page":3,"Size":[0.0,0.0,611.0,791.0],"SkewAngle":0.0,"Evidence":[{"Text":"Married","Box":[47.388,199.111,37.02,11.93]},{"Text":"Filing","Box":[47.388,238.911,25.71,11.93]},{"Text":"Jointly","Box":[47.388,267.401,31.47,11.93]},{"Text":"or","Box":[47.388,301.651,10.0,11.93]},{"Text":"Qualifying","Box":[47.388,314.431,47.75,11.93]},{"Text":"Widow(er)","Box":[47.388,364.961,47.93,11.93]},{"Text":"Head","Box":[539.889,260.356,25.0,11.93]},{"Text":"of","Box":[539.889,288.136,9.44,11.93]},{"Text":"Household","Box":[539.889,300.356,51.29,11.93]}],"Fields":[],"Tables":[]}]}