{"DataContractVersion":"1.0","DocumentTypes":[{"DocumentTypeId":"Forms.IRS.W4","Group":"Forms","Category":"IRS","Name":"W4","OptionalUniqueIdentifier":null,"TypeField":{"FieldId":"Forms.IRS.W4.DocumentType","FieldName":"Document Type"},"Fields":[{"FieldId":"Forms.IRS.W4.first-name","FieldName":"first-name","IsMultiValue":false,"Type":"Name","DeriveFieldsFormat":"","Components":[],"SetValues":[]},{"FieldId":"Forms.IRS.W4.last-name","FieldName":"last-name","IsMultiValue":false,"Type":"Name","DeriveFieldsFormat":"","Components":[],"SetValues":[]},{"FieldId":"Forms.IRS.W4.social-security-number","FieldName":"social-security-number","IsMultiValue":false,"Type":"Number","DeriveFieldsFormat":"","Components":[],"SetValues":[]},{"FieldId":"Forms.IRS.W4.address","FieldName":"address","IsMultiValue":false,"Type":"Address","DeriveFieldsFormat":"","Components":[],"SetValues":[]},{"FieldId":"Forms.IRS.W4.city-town-state-zip","FieldName":"city-town-state-zip","IsMultiValue":false,"Type":"Text","DeriveFieldsFormat":"","Components":[],"SetValues":[]},{"FieldId":"Forms.IRS.W4.single-married-filing-separately","FieldName":"single-married-filing-separately","IsMultiValue":false,"Type":"Boolean","DeriveFieldsFormat":"","Components":[],"SetValues":[]},{"FieldId":"Forms.IRS.W4.married-filing-jointly","FieldName":"married-filing-jointly","IsMultiValue":false,"Type":"Boolean","DeriveFieldsFormat":"","Components":[],"SetValues":[]},{"FieldId":"Forms.IRS.W4.employers-name-address","FieldName":"employers-name-address","IsMultiValue":false,"Type":"Address","DeriveFieldsFormat":"","Components":[],"SetValues":[]},{"FieldId":"Forms.IRS.W4.employment-date","FieldName":"employment-date","IsMultiValue":false,"Type":"Date","DeriveFieldsFormat":"","Components":[],"SetValues":[]},{"FieldId":"Forms.IRS.W4.employer-identification-number","FieldName":"employer-identification-number","IsMultiValue":false,"Type":"Number","DeriveFieldsFormat":"","Components":[],"SetValues":[]},{"FieldId":"Forms.IRS.W4.signature","FieldName":"signature","IsMultiValue":false,"Type":"Boolean","DeriveFieldsFormat":"","Components":[],"SetValues":[]}]},{"DocumentTypeId":"Forms.IRS.1040A","Group":"Forms","Category":"IRS","Name":"1040A","OptionalUniqueIdentifier":null,"TypeField":{"FieldId":"Forms.IRS.1040A.DocumentType","FieldName":"Document Type"},"Fields":[{"FieldId":"Forms.IRS.1040A.first-name","FieldName":"first-name","IsMultiValue":false,"Type":"Name","DeriveFieldsFormat":"","Components":[],"SetValues":[]},{"FieldId":"Forms.IRS.1040A.last-name","FieldName":"last-name","IsMultiValue":false,"Type":"Name","DeriveFieldsFormat":"","Components":[],"SetValues":[]},{"FieldId":"Forms.IRS.1040A.social-security-number","FieldName":"social-security-number","IsMultiValue":false,"Type":"Number","DeriveFieldsFormat":"","Components":[],"SetValues":[]},{"FieldId":"Forms.IRS.1040A.home-address","FieldName":"home-address","IsMultiValue":false,"Type":"Address","DeriveFieldsFormat":"","Components":[],"SetValues":[]},{"FieldId":"Forms.IRS.1040A.city-town-zip","FieldName":"city-town-zip","IsMultiValue":false,"Type":"Text","DeriveFieldsFormat":"","Components":[],"SetValues":[]},{"FieldId":"Forms.IRS.1040A.apt-no","FieldName":"apt-no","IsMultiValue":false,"Type":"Number","DeriveFieldsFormat":"","Components":[],"SetValues":[]},{"FieldId":"Forms.IRS.1040A.dependents","FieldName":"dependents","IsMultiValue":false,"Type":"Table","DeriveFieldsFormat":"","Components":[{"FieldId":"Forms.IRS.1040A.dependents.first-last-name","FieldName":"first-last-name","IsMultiValue":false,"Type":"Name","DeriveFieldsFormat":"","Components":[],"SetValues":[]},{"FieldId":"Forms.IRS.1040A.dependents.social-security-number","FieldName":"social-security-number","IsMultiValue":false,"Type":"Number","DeriveFieldsFormat":"","Components":[],"SetValues":[]},{"FieldId":"Forms.IRS.1040A.dependents.relationship","FieldName":"relationship","IsMultiValue":false,"Type":"Text","DeriveFieldsFormat":"","Components":[],"SetValues":[]},{"FieldId":"Forms.IRS.1040A.dependents.child-tax-credit","FieldName":"child-tax-credit","IsMultiValue":false,"Type":"Boolean","DeriveFieldsFormat":"","Components":[],"SetValues":[]}],"SetValues":[]},{"FieldId":"Forms.IRS.1040A.account-number","FieldName":"account-number","IsMultiValue":false,"Type":"Number","DeriveFieldsFormat":"","Components":[],"SetValues":[]},{"FieldId":"Forms.IRS.1040A.signature","FieldName":"signature","IsMultiValue":false,"Type":"Boolean","DeriveFieldsFormat":"","Components":[],"SetValues":[]}]}],"Groups":[{"Name":"Forms","Categories":["IRS"]}],"SupportedLanguages":[{"Name":"Undetermined Language","Code":"und"},{"Name":"Bulgarian","Code":"bul"},{"Name":"Cantonese","Code":"yue"},{"Name":"Danish","Code":"dan"},{"Name":"Dutch","Code":"nld"},{"Name":"English","Code":"eng"},{"Name":"French","Code":"fra"},{"Name":"Georgian","Code":"kat"},{"Name":"German","Code":"deu"},{"Name":"Greek","Code":"ell"},{"Name":"Hebrew","Code":"heb"},{"Name":"Hindi","Code":"hin"},{"Name":"Italian","Code":"ita"},{"Name":"Japanese","Code":"jpn"},{"Name":"Korean","Code":"kor"},{"Name":"Macedonian","Code":"mkd"},{"Name":"Mandarin","Code":"zho"},{"Name":"Marathi","Code":"mar"},{"Name":"Norwegian","Code":"nor"},{"Name":"Polish","Code":"pol"},{"Name":"Portuguese","Code":"por"},{"Name":"Romanian","Code":"ron"},{"Name":"Russian","Code":"rus"},{"Name":"Serbian","Code":"srp"},{"Name":"Spanish","Code":"spa"},{"Name":"Swedish","Code":"swe"},{"Name":"Telugu","Code":"tel"}]}